username,password_hash
admin_sec,5a6c4d89b994c12346dc5400447cfe5743b2eb60dd07c2511f930ec679a46ea457b298e6d061b33ae0121d62da90f8f6
analyst_01,ff925fb28e7e448c4de14be48029c70bcd0e34012d1c902dab4ffa740636350a61df63535d88eaa55716a055386a3b7d
net_eng,66c60d455f93af8f86db768cf12f499b14e14ddf7200ced1aae642d1cae8f150ea314d45c6c5ba14713efa99ebb0fbfa
dev_sec,74e155c2ae58efed818248a6bda9e2eec8fcfa9ea6af6ca19f87182b9913d243a14f05d298671dff2b847159a85c0445
crypto_user,e5d7f7bbc5fad031442acfdbd6bdf105d63ad97900f0f117be1bd9a8fe6c9612eb87793b8e082aaa33aca6e6ae06ba6e
incident_resp,3eaa7fa9fd8c008b546d9f92313192781349626e100c79b76d6c897d8cdfdddcb98069388ab4cfa3e724b2ce65a738dc
auditor,843cc44bfb457ae9b7eb21727a1b4b825c31cd99078daa941e36cd9004e1831584460bea9b4337719a06a58e31829b8a
soc_lead,15283edc1f63cf57119a895e00fb68aca2a2ebc081d0e1c6e91e5e911f11553fe3d6dd8db557ea50a1dd41149852a60f
guest_temp,30cfc0af505b8637bfdd6f07942645c7e4707c8435869d20f29fd087d496dd7e7600c2210da8b8322e9e791c0f093786
